<?xml version="1.0" encoding="UTF-8"?>
<project-private xmlns="http://www.netbeans.org/ns/project-private/1">
    <editor-bookmarks xmlns="http://www.netbeans.org/ns/editor-bookmarks/2" lastBookmarkId="0"/>
    <open-files xmlns="http://www.netbeans.org/ns/projectui-open-files/2">
        <group>
            <file>file:/home/meone/NetBeansProjects/SchoolHELP/src/schoolhelp/loginForm.java</file>
            <file>file:/home/meone/NetBeansProjects/SchoolHELP/src/schoolhelp/regisForm.java</file>
            <file>file:/home/meone/NetBeansProjects/SchoolHELP/src/schoolhelp/SchoolHELPAdmin.java</file>
            <file>file:/home/meone/NetBeansProjects/SchoolHELP/src/schoolhelp/SchoolHELPAdmin_2.java</file>
        </group>
    </open-files>
</project-private>
